{
  "resources.json": 1640818454282,
  "model/json/Countries.json": 1640818033470,
  "model/json/Employees.json": 1640818035799,
  "model/json/Layouts.json": 1640818037781,
  "manifest.json": 1640818454278,
  "model/models.js": 1638714237984,
  "model/formatter.js": 1639327089275,
  "controller/OrderDetails.controller.js": 1640711663487,
  "controller/MasterEmployee.controller.js": 1640214080180,
  "controller/Main.controller.js": 1640818086210,
  "controller/EmployeeDetails.controller.js": 1640214075708,
  "controller/Base.controller.js": 1640213541512,
  "controller/App.controller.js": 1640038190477,
  "control/Signature.js": 1640471437910,
  "Component.js": 1639594105766,
  "manifest-bundle.zip": 1640818453642,
  "Component-preload.js": 1640818454170,
  "controller/App-dbg.controller.js": 1640038190477,
  "model/formatter-dbg.js": 1639327089275,
  "controller/OrderDetails-dbg.controller.js": 1640711663487,
  "controller/MasterEmployee-dbg.controller.js": 1640214080180,
  "controller/Main-dbg.controller.js": 1640818086210,
  "controller/EmployeeDetails-dbg.controller.js": 1640214075708,
  "controller/Base-dbg.controller.js": 1640213541512,
  "model/models-dbg.js": 1638714237984,
  "control/Signature-dbg.js": 1640471437910,
  "Component-dbg.js": 1639594105766,
  "i18n/i18n.properties": 1640504876425,
  "view/OrderDetails.view.xml": 1640535476644,
  "view/MasterEmployee.view.xml": 1638900399398,
  "view/Main.view.xml": 1640038151133,
  "view/EmployeeDetails.view.xml": 1639954662989,
  "view/App.view.xml": 1640037974632,
  "fragment/TableOrders.fragment.xml": 1640171343563,
  "fragment/TableEmployee.fragment.xml": 1640171521868,
  "fragment/NewIncidence.fragment.xml": 1639927673545,
  "fragment/DialogOrders.fragment.xml": 1639954515209,
  "css/style.css": 1639261734436,
  "index.html": 1640124102001
}